"","X1","X2"
"1853",-2.23697616884635,1.5021000018154
"1097",-2.23697616884655,1.50210000181547
"65",-0.207929707195853,-0.0639896088351697
"1762",-2.08593400373714,-0.400944530041577
"1016",0.991652704938862,-0.0944789351896888
"1511",-1.22245293802109,0.719055196490181
"1404",-1.28264576976016,1.65887353377406
"1027",-1.96442816873594,-1.38757858190373
"729",-1.19179643639003,0.695647339201019
"751",3.05247583974351,-0.790973780423752
"121",-2.11771067689125,-1.27053929545791
"628",-2.08593400373714,-0.400944530041525
"2117",3.02293950963548,0.125436699570978
"1317",0.807713695152498,0.0459682085452812
"1349",-2.17678333710727,0.562281664531525
"277",1.79270059586975,0.179333883214776
"1891",3.17510184626774,-0.884605209580394
"2139",0.840610539829646,1.80856559666724
"1112",2.84012067137217,1.15888646601151
"1861",-0.0853037006715725,-0.157621037991697
"908",-1.28152559823712,2.55187615647962
"1345",-1.93377166710488,-1.41098643919289
"2030",0.715744190259316,0.116191780412769
"1449",-1.22245293802109,0.719055196490182
"2310",2.00729610728718,0.0154788821906386
"420",-1.37461527465335,1.72909710564155
"431",3.23641484952987,-0.931420924158719
"550",-1.96442816873594,-1.38757858190373
"2146",-1.2837659412832,0.765870911068503
"256",-1.00785742660366,0.555200195466046
"2329",0.960996203307802,-0.0710710779005295
"1833",0.0668586359606858,-1.16766294714306
"720",1.82447726902386,1.04892864863118
"1230",1.11315853994006,-1.0811129870519
"139",-2.44933133721769,3.45196024825066
"1099",2.09926561218036,-0.0547446896768467
"1397",-1.90311516547383,-1.43439429648206
"1378",-1.9633079972129,-0.494575959198169
"2109",1.11315853994006,-1.0811129870519
"2307",0.036202134329628,-1.1442550898539
"1103",-1.22245293802109,0.719055196490181
"610",0.627135199935266,2.86542322039693
"1543",-1.46546460802348,2.69232330021459
"1373",0.716864361782361,1.00919440311833
"1375",-2.02462100047502,-0.447760244619843
"1428",-1.16113993475896,0.672239481911855
"2242",2.92984983321928,-0.697342351267112
"1588",-1.99396449884395,-0.47116810190901
"1193",-1.9633079972129,-0.494575959198169
"1553",3.02293950963548,0.125436699570978
"568",2.00617593576413,-0.877523740514915
"1731",-0.146616703933693,-0.110805323413372
"1860",0.00554563269856702,-1.12084723256474
"163",-2.20743983873834,0.585689521820687
"24",-1.84180216221169,-1.48121001106037
"2347",-0.918128264756565,-1.30102862181256
"493",0.686207860151299,1.03260226040749
"306",-1.87245866384276,-1.45780215377122
"862",-1.96442816873594,-1.38757858190373
"413",3.11378884300562,-0.837789495002074
"616",-1.84180216221169,-1.48121001106037
"1074",-1.81114566058063,-1.50461786834954
"1114",0.626015028412222,1.97242059769137
"1031",-2.11659050536819,-0.377536672752365
"12",1.70297143402266,2.03556270049339
"1245",1.20512804483324,-1.15133655891938
"1354",-1.19179643639003,0.695647339201019
"710",1.05296570820098,-0.141294649768016
"530",3.17510184626774,-0.884605209580394
"1663",-1.96442816873594,-1.38757858190373
"1564",-2.11435016232211,1.40846857265876
"2382",-2.20743983873834,0.585689521820688
"1289",-1.84180216221169,-1.48121001106037
"1248",-2.20743983873834,0.585689521820688
"1687",-1.84180216221169,-1.48121001106037
"2123",-2.11547033384516,0.515465949953202
"999",0.99053253341582,-0.98748155789525
"852",0.536285866565132,3.82864941496998
"31",-1.81114566058064,-1.50461786834954
"245",-2.32894567373953,1.57232357368289
"1138",0.717984533305405,1.90219702582389
"646",-1.22357310954413,-0.173947426215379
"453",-2.05415733058303,0.468650235374876
"842",-1.995084670367,-1.36417072461457
"1162",1.97663960565612,0.0388867394798004
"2225",-1.90311516547382,-1.43439429648206
"2078",-2.17678333710728,0.562281664531525
"519",-0.420284875567148,1.8858706376002
"1572",0.870146869937663,0.892155116672516
"1755",0.00666580422160933,-0.227844609859184
"2038",2.96162650637338,0.172252414149288
"1611",-2.20743983873834,0.585689521820688
"1091",1.85513377065492,1.02552079134201
"269",-1.78048915894958,-1.5280257256387
"1371",-1.87245866384276,-1.45780215377122
"1576",-1.96442816873594,-1.38757858190373
"324",3.05247583974351,-0.790973780423752
"1390",-1.07029060138882,-0.290986712661191
"133",3.23641484952987,-0.93142092415872
"2006",1.61212210065252,2.99878889506642
"2224",1.88467010076294,0.109110311347287
"1530",-1.03963409975776,-0.314394569950351
"989",-1.93377166710488,-1.41098643919289
"596",2.12992211381142,-0.0781525469660087
"1312",1.02230920656992,-0.117886792478854
"1608",-1.78048915894958,-1.5280257256387
"2282",0.716864361782361,1.00919440311833
"1049",-1.90199499395078,-0.541391673776497
"1110",0.716864361782361,1.00919440311833
"437",-1.16226010628201,-0.220763140793705
"2176",3.23641484952987,-0.93142092415872
"792",0.778177365044479,0.962378688540003
"1329",-2.44933133721769,3.45196024825066
"2053",-2.23809634036939,0.609097379109848
"1149",-2.17790350863032,-0.330720958174029
"767",-0.948784766387626,-1.27762076452339
"1000",3.11378884300562,-0.837789495002072
"1882",-1.93265149558183,-0.51798381648733
"1330",-2.20631966721529,1.47869214452624
"1603",-1.28264576976016,1.65887353377406
"567",2.03795260891824,-0.00792897509852171
"2227",1.94598310402505,0.0622945967689623
"483",-2.14612683547622,0.538873807242365
"1771",-2.0848138322141,0.492058092664042
"145",0.00666580422160936,-0.227844609859184
"1021",-0.115960202302633,-0.134213180702536
"740",0.991652704938863,-0.0944789351896896
"535",-0.358971872305032,1.83905492302187
"1830",2.83788032832609,-0.627118779399618
"547",-1.84180216221169,-1.48121001106037
"2013",0.959876031784757,-0.964073700606087
"776",-2.14612683547622,0.538873807242365
"704",1.82447726902386,1.04892864863117
"1932",1.79382076739279,1.07233650592033
"1464",1.64053825923749,1.18937579236615
"298",0.656671530043284,1.94901274040221
"500",-2.08593400373714,-0.400944530041524
"688",1.02118903504688,-1.01088941518441
"1715",-1.96442816873594,-1.38757858190373
"1408",-2.11659050536819,-0.377536672752363
"1164",3.14444534463669,-0.86119735229124
"266",3.11378884300562,-0.837789495002073
"142",-1.93377166710488,-1.41098643919289
"1438",-1.22245293802109,0.71905519649018
"8",1.05184553667794,-1.03429727247357
"870",1.70185126249961,1.14256007778782
"114",1.05184553667794,-1.03429727247357
"1674",-1.90311516547382,-1.43439429648206
"1698",-1.96442816873594,-1.38757858190373
"2040",-0.0239906974094513,-0.204436752570021
"514",2.09926561218036,-0.0547446896768461
"687",-2.08593400373714,-0.400944530041524
"88",0.991652704938863,-0.0944789351896898
"320",-1.995084670367,-1.36417072461457
"2125",-2.08593400373714,-0.400944530041524
"1083",3.23641484952987,-0.93142092415872
"2095",3.05247583974351,-0.79097378042375
"1906",-1.1304834331279,0.648831624622691
"480",2.12880194228837,-0.971155169671567
"777",1.88467010076294,0.109110311347287
"1143",-0.0251108689324954,-1.09743937527558
"135",1.11315853994006,-1.0811129870519
"641",-0.948784766387626,-1.27762076452339
"505",1.76316426576173,1.09574436320949
"1458",-0.145496532410651,0.782197299292185
"1088",0.0975151375917486,-1.19107080443223
"1909",-2.14612683547622,0.538873807242365
"1353",2.09814544065732,-0.947747312382408
"364",0.899683200045681,-0.0242553633222058
"1557",-1.96442816873594,-1.38757858190373
"2246",1.91532660239399,0.0857024540581276
"1325",-1.96442816873594,-1.38757858190373
"1421",-2.20743983873834,0.585689521820687
"1642",-0.145496532410651,0.782197299292185
"2297",0.930339701676742,-0.0476632206113686
"2322",0.656671530043284,1.94901274040221
"1779",0.959876031784757,-0.964073700606086
"2264",0.0362021343296279,-1.1442550898539
"2312",-1.995084670367,-1.36417072461457
"2180",1.85513377065492,1.02552079134201
"931",-0.450941377198212,1.90927849488936
"263",-0.237466037303831,0.852420871159673
"1778",-1.81114566058064,-1.50461786834954
"35",-1.99396449884395,-0.47116810190901
"887",3.20575834789882,-0.908013066869565
"110",1.11315853994006,-1.0811129870519
"262",1.76204409423869,0.202741740503939
"910",-2.26763267047742,1.52550785910457
"1023",3.14444534463669,-0.861197352291241
"679",0.809954038198586,1.8319734539564
"797",1.05184553667794,-1.03429727247357
"2074",3.02181933811246,-0.767565923134596
"23",-2.20743983873834,0.585689521820688
"361",0.930339701676742,-0.0476632206113686
"2160",0.930339701676742,-0.0476632206113686
"565",1.05184553667794,-1.03429727247357
"2386",1.02230920656992,-0.117886792478854
"1287",-1.9633079972129,-0.49457595919817
"2076",1.70185126249961,1.14256007778782
"1581",-1.34395877302228,1.70568924835238
"1720",2.68683816321687,1.27592575245731
"1340",0.991652704938863,-0.0944789351896904
"1500",0.6862078601513,1.03260226040749
"1476",1.05184553667794,-1.03429727247357
"215",0.990532533415819,-0.98748155789525
"1435",-2.02462100047502,-0.447760244619845
"2208",-1.07029060138882,-0.290986712661192
"72",-1.13160360465094,-0.244170998082871
"975",-0.0546471990405118,-0.181028895280859
"763",-1.0089775981267,-0.337802427239518
"1960",-1.87245866384276,-1.45780215377122
"1171",-2.02462100047502,-0.447760244619845
"2374",0.778177365044479,0.962378688540004
"1842",-2.45045150874074,2.5589576255451
"1785",-0.917008093233521,-0.408025999107001
"1700",2.83900049984913,0.265883843305939
"2255",0.870146869937663,0.892155116672518
"1529",-1.74983265731851,-1.55143358292786
"2035",-1.07029060138882,-0.290986712661192
"771",0.960996203307802,-0.0710710779005294
"993",1.67119476086855,1.16596793507698
"1571",-2.33006584526257,0.679320950977331
"1691",0.959876031784757,-0.964073700606086
"230",3.23641484952987,-0.931420924158723
"2091",-2.05527750210608,-0.424352387330681
"2360",-0.0251108689324951,-1.09743937527558
"2183",-2.33006584526257,0.679320950977331
"1689",-1.93377166710488,-1.41098643919289
"591",3.08313234137457,-0.814381637712908
"1071",1.97663960565612,0.0388867394798012
"2353",0.778177365044479,0.962378688540004
"1217",0.655551358520239,1.05601011769665
"180",0.83837019678356,0.0225603512561197
"1998",-1.99396449884395,-0.47116810190901
"1613",-2.39025867700166,1.61913928826122
"800",-2.20631966721529,1.47869214452624
"430",-2.20743983873834,0.585689521820688
"240",-0.176153034041711,0.805605156581349
"680",0.716864361782361,1.00919440311833
"15",-1.90311516547382,-1.43439429648205
"1589",-2.05527750210608,-0.42435238733068
"414",-2.26875284200046,0.632505236399015
"44",-2.29828917210848,1.54891571639373
"1843",0.0362021343296277,-1.1442550898539
"355",2.03683243739519,-0.900931597804078
"214",1.91532660239399,0.0857024540581269
"243",-2.602613845373,3.56899953469647
"267",-2.51176451200286,2.60577334012343
"2069",-1.93265149558183,-0.51798381648733
"625",2.09814544065732,-0.947747312382407
"1829",0.717984533305405,1.90219702582389
"1450",-1.22245293802109,0.719055196490179
"714",-1.96442816873594,-1.38757858190373
"1528",0.128171639222808,-1.21447866172139
"1533",1.67007458934551,0.272965312371424
"1671",-2.02462100047502,-0.447760244619846
"1047",-2.05639767362912,-1.31735501003624
"492",0.83837019678356,0.0225603512561198
"1870",3.23641484952987,-0.931420924158723
"1527",1.082502038309,-1.05770512976274
"1418",-2.02462100047502,-0.447760244619847
"404",0.930339701676742,-0.0476632206113687
"274",-1.10094710301988,-0.267578855372028
"2260",3.08313234137457,-0.814381637712908
"1794",-1.87245866384276,-1.45780215377122
"1954",-1.31330227139122,1.68228139106323
"1536",-1.16001976323592,1.56524210461741
"1314",3.02181933811245,-0.767565923134594
"36",0.0975151375917487,-1.19107080443223
"1009",-2.08593400373713,-0.400944530041524
"2252",1.85401359913187,0.132518168636451
"1545",2.80834399821806,0.289291700595111
"1921",0.77817736504448,0.962378688540004
"442",0.747520863413421,0.985786545829164
"799",0.839490368306603,0.91556297396168
"1640",-1.25310943965215,0.742463053779344
"2221",-2.05639767362912,-1.31735501003624
"1286",0.626015028412223,1.97242059769137
"1648",0.655551358520239,1.05601011769665
"1264",0.99053253341582,-0.98748155789525
"1368",-2.14612683547622,0.538873807242365
"1987",-2.08593400373713,-0.400944530041524
"1184",3.02181933811245,-0.767565923134593
"2081",2.09814544065732,-0.947747312382408
"411",-1.93377166710488,-1.41098643919289
"1122",-1.16226010628201,-0.220763140793706
"1185",3.23641484952987,-0.931420924158724
"1684",-2.38801833395557,3.40514453367233
"1269",0.899683200045681,-0.0242553633222055
"323",1.08362220983204,-0.16470250705718
"1017",1.24536425260284,4.17268580524192
"5",-1.99396449884395,-0.471168101909009
"753",3.11490901452867,0.0552131277034796
"285",-0.826158759863383,-1.37125219368005
"1202",-0.389628373936091,1.86246278031104
"1951",0.535165695042086,2.93564679226442
"1646",-2.08593400373713,-0.400944530041523
"2022",-1.84180216221169,-1.48121001106037
"99",0.656671530043284,1.94901274040221
"216",1.05184553667794,-1.03429727247357
"676",-2.08593400373714,-0.400944530041523
"2366",1.91532660239399,0.0857024540581273
"196",-1.37461527465335,1.72909710564155
"282",-1.9633079972129,-0.494575959198171
"725",2.99228300800443,0.148844556860141
"182",2.68795833473991,2.16892837516288
"1662",-1.90311516547382,-1.43439429648205
"566",-1.34507894454533,0.812686625646828
"2135",0.77817736504448,0.962378688540003
"2151",3.08425251289762,0.0786209849926402
"2164",-0.237466037303831,0.852420871159672
"1970",1.082502038309,-1.05770512976274
"711",-2.05527750210608,-0.424352387330681
"393",-0.327195199150924,2.70864968843827
"570",-2.48222818189483,1.6893628601287
"2351",0.0373223058526696,-0.251252467148346
"731",-0.358971872305032,1.83905492302188
"1344",-1.90311516547382,-1.43439429648205
"2065",0.0668586359606867,-1.16766294714307
"689",-0.0239906974094512,-0.204436752570021
"1782",-2.23809634036939,0.609097379109848
"381",-0.358971872305032,1.83905492302188
"201",-1.93377166710488,-1.41098643919289
"2375",-1.61874711617878,2.8093625866604
"575",0.716864361782361,1.00919440311833
"905",0.74752086341342,0.985786545829163
"2051",-1.19179643639002,0.695647339201017
"2232",-0.0853037006715723,-0.157621037991697
"1178",-2.38801833395557,3.40514453367233
"1028",0.870146869937663,0.892155116672518
"1643",1.02118903504688,-1.01088941518441
"1552",-1.96442816873594,-1.38757858190373
"1076",2.0686091105493,-0.0313368323876891
"1694",-1.1304834331279,0.648831624622692
"18",1.85513377065492,1.02552079134201
"1144",-1.25310943965215,0.742463053779343
"1283",0.443196190148905,3.00587036413191
"538",2.12880194228837,-0.971155169671566
"937",3.08313234137457,-0.814381637712908
"1377",-1.16113993475896,0.672239481911854
"93",-1.90311516547382,-1.43439429648205
"107",2.99116283648138,-0.744158065845424
"992",-1.78048915894958,-1.5280257256387
"1347",1.11315853994006,-1.0811129870519
"2338",1.97663960565612,0.0388867394798015
"348",-0.826158759863384,-1.37125219368005
"239",-1.52677761128561,2.73913901479292
"1180",0.128171639222809,-1.21447866172139
"450",1.8255974405469,1.94193127133673
"1862",-2.20743983873834,0.585689521820688
"2086",2.00617593576413,-0.877523740514918
"1874",-1.34395877302228,1.70568924835238
"290",-1.13160360465094,-0.244170998082869
"2070",-1.90199499395077,-0.541391673776498
"98",-2.11659050536819,-0.37753667275236
"1342",0.656671530043284,1.94901274040221
"599",-1.87245866384276,-1.45780215377122
"2303",2.92984983321927,-0.697342351267104
"1814",0.959876031784758,-0.964073700606087
"1008",-2.11547033384516,0.515465949953202
"339",-0.918128264756566,-1.30102862181256
"1704",-1.87245866384276,-1.45780215377122
"1895",-2.0848138322141,0.49205809266404
"1863",2.06748893902625,-0.924339455093242
"95",-0.0841835291485291,0.735381584713862
"859",1.82447726902386,1.04892864863117
"313",-0.979441268018686,-1.25421290723424
"1030",-1.87245866384276,-1.45780215377122
"721",-0.358971872305032,1.83905492302188
"521",2.87077717300323,1.13547860872234
"2020",-2.29828917210847,1.54891571639373
"1109",-1.995084670367,-1.36417072461456
"1320",1.45883959249721,3.11582818151223
"1981",-2.02462100047502,-0.447760244619848
"518",3.08313234137457,-0.81438163771291
"1229",-1.55743411291666,2.76254687208208
"996",-1.90311516547382,-1.43439429648205
"1319",0.930339701676742,-0.0476632206113685
"1461",2.74815116647898,1.22911003787898
"552",3.23641484952987,-0.931420924158723
"1490",2.06748893902625,-0.924339455093243
"1324",-2.14724700699926,-0.354128815463197
"1265",-1.0089775981267,-0.337802427239516
"2281",1.70185126249961,1.14256007778782
"315",0.929219530153699,-0.940665843316926
"2042",-1.93377166710488,-1.41098643919289
"804",0.77817736504448,0.962378688540004
"1577",-0.267002367411849,1.76883135115439
"436",-0.389628373936091,1.86246278031104
"2178",-2.14612683547622,0.538873807242363
"2075",0.716864361782361,1.00919440311833
"1308",-1.995084670367,-1.36417072461456
"1316",-2.20743983873834,0.585689521820688
"1946",-2.66392684863511,3.6158152492748
"349",-1.90311516547382,-1.43439429648205
"1837",-1.22245293802108,0.719055196490179
"2285",-0.177273205564754,-0.0873974661242116
"841",0.00554563269856644,-1.12084723256474
"1803",0.777057193521439,0.0693760658344441
"2265",2.09814544065732,-0.947747312382407
"153",-1.8418021622117,-1.48121001106037
"772",-1.37461527465335,1.72909710564155
"268",0.00554563269856661,-1.12084723256474
"28",1.79270059586975,0.179333883214776
"2211",2.03795260891824,-0.00792897509852272
"311",0.626015028412223,1.97242059769137
"42",2.06748893902625,-0.924339455093243
"2008",0.960996203307802,-0.0710710779005288
"1115",-1.995084670367,-1.36417072461456
"1246",1.94486293250201,-0.830708025936595
"382",0.6862078601513,1.03260226040749
"786",3.14444534463669,-0.861197352291239
"1038",0.77817736504448,0.962378688540004
"428",0.77817736504448,0.962378688540004
"829",-1.84180216221169,-1.48121001106037
"1220",-0.238586208826875,-0.0405817515458866
"1095",-1.93377166710488,-1.41098643919289
"634",-2.14612683547622,0.538873807242363
"105",2.92984983321927,-0.697342351267104
"1036",0.809954038198585,1.8319734539564
"45",1.70185126249961,1.14256007778782
"472",2.96162650637337,0.17225241414929
"1370",-2.08705417526018,-1.29394715274708
"417",-0.298779040565953,0.899236585737998
"1832",-2.05527750210608,-0.42435238733068
"353",1.97775977717916,0.931889362185361
"1744",-1.90311516547382,-1.43439429648205
"941",3.08313234137457,-0.814381637712909
"2286",0.77817736504448,0.962378688540004
"824",-0.206809535672772,0.82901301387051
"765",0.00554563269856676,-1.12084723256474
"1791",-1.90311516547382,-1.43439429648205
"1905",-2.14612683547622,0.538873807242362
"1292",0.564702025150101,2.0192363122697
"1170",2.03795260891824,-0.00792897509852368
"1910",-1.74983265731852,-1.55143358292786
"555",3.23641484952987,-0.931420924158723
"2280",-1.13160360465094,-0.244170998082869
"1127",-1.00785742660366,0.555200195466045
"217",2.68683816321687,1.27592575245731
"1011",1.94486293250201,-0.830708025936595
"589",0.74752086341342,0.985786545829164
"1524",-2.45045150874074,2.55895762554511
"2294",-0.297658869042908,1.79223920844356
"1261",-1.995084670367,-1.36417072461456
"385",-0.948784766387627,-1.2776207645234
"2048",-1.10094710301988,-0.267578855372028
"1196",-1.01009776964975,-1.23080504994507
"2126",-0.0841835291485293,0.735381584713862
"833",-0.146616703933693,-0.110805323413373
"2045",1.91532660239399,0.0857024540581272
"358",-2.35736183232451,3.38173667638317
"33",1.05184553667794,-1.03429727247357
"548",-0.887471763125506,-1.32443647910172
"2094",1.85289342760882,-0.760484454069104
"1828",-2.2380963403694,0.609097379109849
"308",0.960996203307802,-0.0710710779005286
"883",1.88467010076293,0.109110311347288
"103",-2.11547033384516,0.515465949953202
"334",-1.0089775981267,-0.337802427239516
"2083",-0.918128264756566,-1.30102862181256
"61",1.97663960565612,0.0388867394798019
"2060",0.0668586359606867,-1.16766294714307
"295",0.128171639222809,-1.21447866172139
"1062",-0.176153034041711,0.805605156581349
"470",-2.05527750210608,-0.42435238733068
"636",-2.08593400373713,-0.40094453004152
"678",0.930339701676742,-0.0476632206113676
"389",1.082502038309,-1.05770512976274
"2079",-2.05527750210608,-0.42435238733068
"1809",-0.978321096495642,-0.361210284528677
"949",0.839490368306603,0.915562973961681
"562",-0.979441268018687,-1.25421290723424
"1835",-1.93377166710488,-1.41098643919289
"1477",-1.07029060138882,-0.29098671266119
"1518",-1.995084670367,-1.36417072461456
"814",2.00617593576413,-0.877523740514918
"757",0.563581853627058,1.12623368956414
"2056",-0.918128264756566,-1.30102862181256
"1658",-1.96442816873594,-1.38757858190373
"1953",-1.43480810639242,2.66891544292543
"1884",0.747520863413421,0.985786545829164
"1296",-2.17678333710728,0.562281664531526
"684",0.839490368306604,0.915562973961681
"593",0.870146869937664,0.892155116672518
"1498",-0.115960202302633,-0.134213180702535
"1439",-1.19179643639002,0.695647339201016
"87",-1.16113993475896,0.672239481911854
"2335",3.14444534463669,-0.861197352291239
"2364",-0.147736875456736,-1.00380794611893
"1140",-2.2380963403694,0.609097379109849
"388",1.94486293250201,-0.830708025936595
"1918",-0.298779040565953,0.899236585737997
"377",-2.0848138322141,0.492058092664039
"463",-0.948784766387627,-1.2776207645234
"1431",-2.32894567373954,1.57232357368289
"1826",3.05247583974351,-0.790973780423751
"933",-2.20743983873834,0.585689521820688
"549",1.02230920656992,-0.117886792478854
"1436",-0.115960202302633,-0.134213180702535
"1417",-0.0239906974094513,-0.204436752570021
"907",0.0373223058526697,-0.251252467148346
"1917",1.91420643087095,-0.80730016864743
"672",2.99228300800443,0.14884455686014
"1063",0.86902669841462,-0.000847506033041194
"913",1.05184553667794,-1.03429727247357
"1633",0.960996203307801,-0.0710710779005286
"1507",0.097515137591749,-1.19107080443223
"921",-0.948784766387627,-1.2776207645234
"1784",1.51903242423629,2.17600984422835
"707",-0.328315370673969,1.81564706573272
"1504",2.12880194228837,-0.971155169671566
"1801",0.565822196673145,2.91223893497525
"1985",0.536285866565128,3.82864941496997
"2000",0.83837019678356,0.02256035125612
"478",0.86902669841462,-0.000847506033041165
"1636",0.656671530043284,1.94901274040221
"2392",-1.87245866384276,-1.45780215377122
"1221",0.656671530043284,1.94901274040221
"750",0.930339701676742,-0.0476632206113673
"1411",-1.10094710301988,-0.267578855372028
"1606",-1.28264576976016,1.65887353377406
"1399",0.6862078601513,1.03260226040749
"903",1.97551943413307,-0.854115883225755
"1015",1.82335709750081,0.155926025925612
"1562",-2.29828917210847,1.54891571639373
"2389",1.51903242423629,2.17600984422835
"1240",-2.29940934363152,0.655913093688175
"425",2.00617593576413,-0.877523740514919
"302",-2.32894567373954,1.57232357368289
"2084",1.76204409423869,0.202741740503937
"773",0.747520863413421,0.985786545829165
"1756",-2.08593400373713,-0.400944530041521
"525",2.12880194228837,-0.971155169671566
"1441",-1.93265149558184,-0.517983816487331
"1306",-2.54130084211088,3.52218382011815
"2354",-0.268122538934892,0.875828728448834
"2150",-1.99396449884395,-0.471168101909008
"330",2.09926561218036,-0.0547446896768485
"834",-2.02574117199806,-1.34076286732541
"1908",-1.99396449884395,-0.471168101909008
"427",0.808833866675543,0.93897083125084
"1542",-2.20743983873834,0.585689521820687
"1200",-2.08593400373713,-0.40094453004152
"979",3.23641484952987,-0.931420924158723
"416",3.05247583974351,-0.79097378042375
"935",-1.93377166710488,-1.41098643919289
"1513",-1.93377166710488,-1.41098643919289
"2196",2.0686091105493,-0.0313368323876854
"1242",-2.05527750210608,-0.42435238733068
"1598",1.85401359913187,0.132518168636453
"272",-1.19179643639002,0.695647339201016
"1783",-2.3278255022165,2.46532619638845
"1253",-2.11659050536819,-0.377536672752358
"746",1.02342937809297,0.775115830226706
"258",1.5508090973904,3.04560460964474
"378",-1.28264576976016,1.65887353377406
"851",1.97663960565612,0.0388867394798016
"111",-1.4950009381315,3.60873378020931
"1188",-2.20743983873834,0.585689521820687
"554",1.02230920656992,-0.117886792478853
"532",-0.0239906974094513,-0.204436752570021
"784",2.00841627881022,0.908481504896199
"791",-0.26700236741185,1.76883135115439
"1123",-2.2063196672153,1.47869214452625
"305",0.00666580422160933,-0.227844609859183
"1897",-2.05527750210608,-0.42435238733068
"1145",-1.10094710301988,-0.267578855372028
"828",-0.0239906974094513,-0.204436752570021
"167",-1.90311516547382,-1.43439429648205
"844",2.77880766811005,1.20570218058983
"556",1.05184553667794,-1.03429727247357
"1668",2.92984983321927,-0.697342351267102
"247",-1.81114566058064,-1.50461786834954
"1414",-2.17678333710728,0.562281664531525
"963",3.23641484952987,-0.931420924158722
"1976",0.930339701676742,-0.0476632206113671
"2267",0.778177365044481,0.962378688540004
"1792",-2.11547033384516,0.515465949953201
"347",-1.96442816873594,-1.38757858190373
"2275",2.15945844391944,-0.99456302696073
"1120",3.23641484952987,-0.931420924158722
"326",2.80946416974111,1.18229432330066
"1685",-1.90311516547382,-1.43439429648205
"1827",-1.93265149558184,-0.51798381648733
"919",1.91644677391704,0.978705076763684
"275",-1.16226010628201,-0.220763140793704
"1034",1.82335709750081,0.155926025925612
"940",-1.25310943965215,0.742463053779342
"512",1.82447726902385,1.04892864863117
"249",1.91532660239399,0.0857024540581277
"545",-2.02462100047502,-0.447760244619845
"698",-0.0239906974094513,-0.204436752570021
"141",-1.10094710301988,-0.267578855372028
"2080",-0.0239906974094513,-0.204436752570021
"294",1.97551943413307,-0.854115883225756
"439",1.73250776413067,1.11915222049866
"390",2.99116283648138,-0.744158065845424
"332",-0.0251108689324955,-1.09743937527558
"1260",-1.8418021622117,-1.48121001106038
"1510",-2.29828917210847,1.54891571639373
"960",0.808833866675543,0.938970831250839
"1394",1.91532660239399,0.0857024540581272
"1336",1.82335709750081,0.155926025925613
"1901",0.990532533415819,-0.987481557895249
"741",3.08425251289762,0.078620984992642
"370",3.14444534463669,-0.861197352291239
"2014",-1.68006011944091,2.85617830123873
"1931",3.17510184626774,-0.884605209580396
"2368",0.991652704938863,-0.0944789351896921
"1288",1.11315853994006,-1.0811129870519
"1750",2.80834399821806,0.289291700595106
"1732",1.20512804483324,-1.15133655891938
"2296",-0.0546471990405118,-0.181028895280859
"6",0.960996203307801,-0.0710710779005283
"2237",1.73250776413067,1.11915222049866
"640",-1.22245293802108,0.719055196490178
"1323",-0.176153034041711,0.805605156581348
"508",-1.90311516547382,-1.43439429648205
"106",-1.16113993475896,0.672239481911855
"502",-0.177273205564754,-0.0873974661242117
"2041",-2.02574117199806,-1.34076286732541
"1176",-2.14724700699926,-0.354128815463194
"1736",-2.1165905053682,-0.377536672752357
"1307",3.23641484952987,-0.931420924158723
"1158",0.0975151375917484,-1.19107080443223
"1722",-2.02462100047502,-0.447760244619845
"950",1.82447726902385,1.04892864863117
"244",-1.99396449884396,-0.471168101909006
"670",-1.81114566058064,-1.50461786834954
"2243",3.02181933811245,-0.767565923134589
"1241",-1.8418021622117,-1.48121001106038
"418",-2.20743983873834,0.585689521820688
"1080",-2.2380963403694,0.609097379109848
"1488",-2.17790350863032,-0.330720958174033
"976",-1.96442816873594,-1.38757858190373
"1660",-2.14612683547621,0.538873807242361
"1040",0.86902669841462,-0.00084750603304135
"2152",1.94486293250201,-0.830708025936595
"2018",-2.17678333710728,0.562281664531526
"2063",-0.145496532410649,0.782197299292186
"1300",-2.17678333710728,0.562281664531525
"1764",-0.206809535672771,0.82901301387051
"1410",-0.176153034041711,0.805605156581348
"25",-0.948784766387626,-1.2776207645234
"1463",-2.02574117199806,-1.34076286732541
"2223",3.23641484952987,-0.931420924158722
"1213",0.86902669841462,-0.000847506033041507
"1020",1.94598310402505,0.062294596768964
"1627",0.0975151375917484,-1.19107080443223
"1563",-0.0251108689324954,-1.09743937527558
"1769",0.960996203307802,-0.0710710779005281
"1969",0.0668586359606875,-1.16766294714307
"581",1.91644677391704,0.978705076763683
"1799",-2.20743983873834,0.585689521820688
"1346",-2.29940934363152,0.655913093688175
"1569",-2.3596021753706,1.59573143097206
"1159",-1.93377166710488,-1.41098643919289
"231",2.09926561218036,-0.0547446896768476
"713",2.92984983321926,-0.6973423512671
"869",-2.14612683547622,0.538873807242362
"2044",-1.99396449884396,-0.471168101909006
"1726",-1.16113993475896,0.672239481911855
"973",-1.93377166710488,-1.41098643919289
"1850",1.73250776413067,1.11915222049866
"922",0.930339701676742,-0.0476632206113671
"2092",-2.14612683547621,0.538873807242361
"1871",-0.237466037303832,0.852420871159671
"1059",0.839490368306603,0.91556297396168
"1609",0.74752086341342,0.985786545829164
"2239",-1.93377166710488,-1.41098643919289
"761",-1.995084670367,-1.36417072461456
"432",2.09814544065732,-0.947747312382406
"2277",-1.10094710301989,-0.267578855372028
"1274",-1.93377166710488,-1.41098643919289
"108",0.778177365044481,0.962378688540003
"1757",-2.20743983873834,0.585689521820687
"1915",-0.0239906974094512,-0.204436752570021
"864",0.929219530153698,-0.940665843316926
"2395",1.05184553667794,-1.03429727247357
"2034",-0.115960202302633,-0.134213180702535
"1415",-1.93377166710488,-1.41098643919289
"117",3.14444534463669,-0.861197352291237
"2257",0.870146869937664,0.892155116672519
"2185",2.80946416974111,1.18229432330066
"1927",0.838370196783559,0.0225603512561208
"1301",-2.17790350863032,-0.330720958174033
"1224",2.00617593576413,-0.877523740514918
"2352",-2.20743983873834,0.585689521820687
"170",0.991652704938863,-0.0944789351896922
"2212",0.89968320004568,-0.0242553633222037
"860",0.0975151375917483,-1.19107080443223
"1923",-2.17678333710728,0.562281664531526
"351",1.97551943413307,-0.854115883225757
"1626",1.17447154320218,-1.12792870163022
"1173",2.00729610728718,0.0154788821906395
"494",0.6862078601513,1.03260226040749
"1121",-0.979441268018687,-1.25421290723424
"668",-0.0228705258864081,0.688565870135537
"1749",-2.14612683547621,0.538873807242362
"890",1.02118903504688,-1.01088941518441
"529",-0.0535270275174683,0.7119737274247
"329",-2.3596021753706,1.59573143097206
"1494",-2.57195734374193,3.54559167740731
"546",-2.20631966721529,1.47869214452624
"2370",0.158828140853869,-1.23788651901055
"2279",-0.948784766387627,-1.2776207645234
"1935",-1.81002548905759,-0.611615245643978
"764",1.94598310402505,0.0622945967689637
"1045",-1.90311516547382,-1.43439429648205
"1681",-2.20743983873834,0.585689521820687
"317",-0.0239906974094512,-0.204436752570021
"762",-2.57195734374193,3.54559167740731
"1919",-2.08593400373714,-0.400944530041519
"118",0.991652704938863,-0.094478935189692
"179",0.656671530043284,1.94901274040221
"2226",3.23641484952987,-0.931420924158722
"1266",-2.14612683547621,0.538873807242361
"2166",1.94598310402505,0.062294596768964
"2011",-0.0251108689324952,-1.09743937527558
"1894",2.00617593576413,-0.877523740514918
"1866",-1.90311516547382,-1.43439429648205
"276",-2.14612683547621,0.538873807242362
"2129",1.76316426576173,1.0957443632095
"1997",0.717984533305405,1.90219702582389
"735",3.08313234137457,-0.814381637712915
"1538",-0.32831537067397,1.81564706573272
"51",3.23641484952987,-0.931420924158723
"2097",0.959876031784758,-0.964073700606086
"177",-1.81114566058064,-1.50461786834954
"739",0.687328031674345,1.92560488311305
"601",-1.99396449884396,-0.471168101909006
"810",1.91532660239399,0.0857024540581268
"2064",0.808833866675542,0.938970831250841
"1942",-2.02462100047501,-0.447760244619844
"154",0.838370196783558,0.0225603512561211
"2204",0.990532533415818,-0.987481557895249
"124",0.77705719352144,0.0693760658344436
"1724",-2.17678333710728,0.562281664531526
"1332",-2.45045150874074,2.5589576255451
"1070",2.0686091105493,-0.0313368323876841
"422",1.97551943413307,-0.854115883225756
"2295",1.97551943413307,-0.854115883225756
"1209",1.02342937809297,0.775115830226706
"1281",0.89968320004568,-0.0242553633222038
"1537",1.73250776413067,1.11915222049866
"1781",0.931459873199785,0.845339402094192
"1383",-1.995084670367,-1.36417072461456
"2173",2.15945844391944,-0.99456302696073
"60",0.0975151375917482,-1.19107080443223
"2068",0.930339701676741,-0.0476632206113666
"2206",-2.14724700699926,-0.354128815463193
"1285",-1.87245866384276,-1.45780215377121
"17",0.0362021343296265,-1.1442550898539
"1760",-0.237466037303832,0.852420871159671
"2359",3.23641484952987,-0.931420924158721
"614",1.82447726902385,1.04892864863117
"1767",-2.1165905053682,-0.377536672752357
"1913",0.626015028412223,1.97242059769137
"1637",1.85401359913187,0.132518168636453
"337",1.88579027228598,1.00211293405285
"648",-1.99396449884396,-0.471168101909005
"1454",1.94486293250201,-0.830708025936595
"116",-2.41979500710968,2.53554976825594
"1137",-1.995084670367,-1.36417072461456
"1469",1.82447726902385,1.04892864863117
"606",-2.11771067689124,-1.27053929545791
"1339",-2.17678333710728,0.562281664531526
"553",-1.07029060138883,-0.29098671266119
"1920",0.74752086341342,0.985786545829164
"956",3.17510184626774,-0.884605209580396
"1037",-1.93265149558184,-0.517983816487331
"211",-2.3596021753706,1.59573143097206
"1944",-2.05527750210608,-0.42435238733068
"541",0.808833866675542,0.938970831250841
"1151",-0.0557673705635548,-1.07403151798642
"769",-0.114840030779589,0.758789442003024
"474",0.778177365044481,0.962378688540003
"2199",3.02293950963549,0.125436699570976
"234",-2.14612683547622,0.538873807242362
"224",0.991652704938863,-0.0944789351896924
"801",3.23641484952987,-0.93142092415872
"2124",0.808833866675542,0.938970831250841
"1631",-2.3596021753706,1.59573143097206
"52",0.778177365044481,0.962378688540003
"400",0.778177365044481,0.962378688540003
"1310",-1.90311516547382,-1.43439429648205
"1717",-1.99396449884396,-0.471168101909006
"1056",-1.96442816873594,-1.38757858190372
"631",1.88467010076293,0.109110311347288
"2380",-1.78048915894958,-1.5280257256387
"1752",-2.17678333710728,0.562281664531526
"1453",-1.9633079972129,-0.494575959198172
"140",1.94598310402505,0.0622945967689644
"527",-1.995084670367,-1.36417072461456
"1856",2.777687496587,0.312699557884272
"1250",-0.298779040565953,0.899236585737997
"542",0.0975151375917483,-1.19107080443223
"350",-0.115960202302633,-0.134213180702535
"89",1.82447726902386,1.04892864863117
"2391",-1.68006011944091,2.85617830123873
"1079",-1.16226010628201,-0.220763140793703
"531",-1.93377166710488,-1.41098643919289
"1811",-2.3278255022165,2.46532619638846
"1400",0.747520863413421,0.985786545829164
"373",-0.237466037303832,0.852420871159671
"952",-1.96442816873594,-1.38757858190372
"7",-2.35848200384755,2.48873405367761
"2318",-0.0239906974094512,-0.204436752570021
"1497",-1.90311516547382,-1.43439429648205
"405",2.0686091105493,-0.0313368323876837
"889",-2.08593400373714,-0.400944530041518
"909",-2.14612683547622,0.538873807242362
"1225",-2.41979500710968,2.53554976825594
"2172",3.02293950963549,0.125436699570976
"2300",-1.87245866384276,-1.45780215377122
"2113",-0.358971872305031,1.83905492302188
"1549",2.83900049984912,0.265883843305943
"498",-2.02462100047502,-0.447760244619843
"2039",-1.74983265731852,-1.55143358292786
"1197",0.929219530153698,-0.940665843316926
"149",-0.0251108689324951,-1.09743937527558
"2",3.08425251289761,0.0786209849926453
"1690",-2.05527750210608,-0.424352387330679
"840",-2.14612683547622,0.538873807242362
"2107",-1.90311516547382,-1.43439429648205
"2122",-0.887471763125505,-1.32443647910172
"126",-1.995084670367,-1.36417072461456
"2162",1.45883959249721,3.11582818151223
"1693",-2.51064434047981,3.49877596282898
"1313",-2.26875284200046,0.632505236399014
"2222",-1.07029060138883,-0.29098671266119
"517",-0.297658869042909,1.79223920844355
"703",1.61100192912948,2.10578627236087
"885",-1.90311516547382,-1.43439429648205
"1822",-0.0853037006715722,-0.157621037991697
"22",3.08313234137457,-0.814381637712917
"40",0.89968320004568,-0.0242553633222041
"1506",-1.87133849231972,-0.564799531065655
"1005",-2.08593400373714,-0.400944530041518
"1437",-2.29828917210847,1.54891571639373
"2096",-1.22245293802108,0.719055196490178
"1661",-1.995084670367,-1.36417072461456
"365",3.23641484952987,-0.931420924158721
"176",-2.02462100047502,-0.447760244619843
"2005",1.85401359913187,0.132518168636452
"367",1.97551943413307,-0.854115883225757
"2016",0.747520863413421,0.985786545829164
"2121",1.05184553667794,-1.03429727247357
"718",1.02118903504688,-1.01088941518441
"1635",0.595358526781161,1.99582845498053
"1579",-0.826158759863384,-1.37125219368005
"817",1.97551943413307,-0.854115883225757
"1851",1.02118903504688,-1.01088941518441
"2301",0.990532533415819,-0.987481557895249
"1168",-2.05639767362912,-1.31735501003624
"918",-2.02350082895197,0.445242378085714
"2194",1.02230920656992,-0.117886792478853
"1492",0.595358526781161,1.99582845498053
"1729",0.716864361782361,1.00919440311833
"1840",2.00729610728718,0.0154788821906382
"1567",-1.16113993475896,0.672239481911854
"783",0.747520863413421,0.985786545829165
"874",2.1901149455505,-1.0179708842499
"1",-2.17790350863032,-0.330720958174033
"210",-1.995084670367,-1.36417072461456
"319",-1.01009776964975,-1.23080504994507
"730",0.808833866675542,0.938970831250841
"419",-2.02574117199806,-1.34076286732541
"2328",2.96162650637337,0.172252414149293
"936",-0.297658869042909,1.79223920844355
"2325",-1.07029060138883,-0.29098671266119
"1053",-1.8418021622117,-1.48121001106038
"2118",1.54968892586735,2.15260198693919
"583",0.808833866675542,0.938970831250841
"1282",-1.81114566058064,-1.50461786834954
"1899",1.79382076739279,1.07233650592033
"1270",-1.93377166710488,-1.41098643919289
"934",1.73250776413067,1.11915222049866
"848",2.09814544065732,-0.947747312382407
"1962",-1.22245293802108,0.719055196490178
"876",1.14381504157112,-1.10452084434106
"362",-2.02462100047502,-0.447760244619844
"955",2.90031350311125,0.219068128727613
"2136",3.05359601126655,0.102028842281809
"1335",1.02118903504688,-1.01088941518441
"39",-1.99396449884396,-0.471168101909005
"2021",-0.0853037006715722,-0.157621037991697
"2036",1.85513377065492,1.02552079134201
"1787",3.08313234137457,-0.814381637712916
"78",3.08313234137457,-0.814381637712916
"1550",-0.146616703933693,-0.110805323413372
"2213",1.79382076739279,1.07233650592033
"1765",-1.90311516547382,-1.43439429648205
"143",0.747520863413421,0.985786545829164
"644",0.778177365044481,0.962378688540003
"1502",-1.995084670367,-1.36417072461456
"1619",-2.02574117199806,-1.34076286732541
"1462",-2.4811080103718,2.58236548283426
"920",-0.420284875567151,1.8858706376002
"1984",-1.99396449884396,-0.471168101909005
"1392",1.39752658923509,3.16264389609056
"1499",-2.02574117199806,-1.34076286732541
"1795",-1.995084670367,-1.36417072461456
"443",2.90143367463429,1.11207075143317
"1457",-1.96442816873594,-1.38757858190372
"187",-1.13160360465095,-0.244170998082867
"344",-0.297658869042909,1.79223920844355
"722",1.82335709750081,0.155926025925613
"223",1.88467010076293,0.109110311347287
"1010",0.960996203307802,-0.0710710779005283
"1366",-1.995084670367,-1.36417072461456
"2100",1.94598310402505,0.0622945967689649
"128",1.91532660239399,0.0857024540581267
"972",1.76316426576174,1.0957443632095
"1326",2.03683243739519,-0.900931597804077
"984",0.807713695152499,0.0459682085452815
"1381",-2.26875284200046,0.632505236399014
"1666",1.05184553667794,-1.03429727247357
"58",-1.87245866384276,-1.45780215377122
"1776",0.929219530153698,-0.940665843316926
"2157",2.90143367463429,1.11207075143317
"1614",-1.19179643639002,0.695647339201016
"843",-1.04075427128081,-1.20739719265591
"1256",1.85401359913187,0.132518168636452
"1742",-1.1304834331279,0.648831624622693
"879",1.02118903504688,-1.01088941518441
"2012",1.91532660239399,0.0857024540581267
"2171",0.626015028412223,1.97242059769137
"795",-2.05527750210608,-0.424352387330678
"1632",0.0668586359606873,-1.16766294714307
"985",1.97551943413307,-0.854115883225757
"1150",0.86902669841462,-0.000847506033041777
"1460",-2.14612683547621,0.538873807242361
"845",-0.206809535672771,0.82901301387051
"260",-2.17566316558423,1.45528428723708
"1587",0.444316361671947,3.89887298683746
"832",0.0362021343296268,-1.1442550898539
"882",2.06748893902625,-0.924339455093243
"2385",-2.05527750210608,-0.424352387330678
"958",1.52015259575934,3.06901246693391
"213",0.00554563269856666,-1.12084723256474
"322",2.15945844391944,-0.994563026960729
"873",-1.25310943965215,0.742463053779342
"1198",1.61100192912948,2.10578627236086
"1072",-1.07141077291187,-1.18398933536675
"2363",0.77705719352144,0.0693760658344437
"1277",1.70185126249961,1.14256007778782
"2210",-2.20743983873834,0.585689521820689
"476",-2.1165905053682,-0.377536672752356
"137",-2.20743983873834,0.585689521820689
"1147",1.4293032623892,4.03223866150696
"1578",0.89968320004568,-0.0242553633222038
"2238",0.900803371568724,0.868747259383354
"1391",-1.13160360465095,-0.244170998082866
"2266",1.76316426576174,1.0957443632095
"948",3.05359601126655,0.102028842281809
"2247",1.97663960565612,0.038886739479799
"1892",-2.05527750210608,-0.424352387330678
"987",3.23641484952987,-0.93142092415872
"2017",1.02118903504688,-1.01088941518441
"1505",3.05359601126655,0.102028842281809
"1555",2.68683816321687,1.27592575245731
"1934",-0.979441268018687,-1.25421290723424
"2228",1.94486293250201,-0.830708025936593
"380",-1.93377166710488,-1.41098643919289
"1940",1.02118903504688,-1.01088941518441
"1790",0.778177365044481,0.962378688540003
"1939",0.86902669841462,-0.000847506033041477
"1039",-0.918128264756565,-1.30102862181256
"745",0.565822196673146,2.91223893497526
"1134",-2.05527750210608,-0.424352387330679
"122",-2.1165905053682,-0.377536672752357
"2184",3.02293950963549,0.125436699570976
"1385",-0.918128264756565,-1.30102862181256
"1128",-0.237466037303832,0.852420871159671
"1775",-2.29828917210847,1.54891571639373
"1089",-2.02462100047501,-0.447760244619845
"194",-0.887471763125505,-1.32443647910172
"220",-2.08593400373714,-0.400944530041519
"1429",-2.11547033384516,0.515465949953199
"1848",0.839490368306604,0.91556297396168
"1683",-2.17678333710728,0.562281664531527
"328",-1.10094710301988,-0.267578855372029
"2292",-1.19179643639002,0.695647339201016
"691",2.92984983321926,-0.697342351267102
"932",-2.1165905053682,-0.377536672752357
"1376",-1.93377166710488,-1.41098643919289
"1148",-0.268122538934892,0.875828728448834
"1451",-2.08593400373714,-0.400944530041519
"1181",-0.360092043828073,0.946052300316321
"727",-0.0251108689324951,-1.09743937527558
"630",2.12880194228837,-0.971155169671567
"56",-2.1165905053682,-0.377536672752357
"1427",-1.96442816873594,-1.38757858190372
"1925",0.959876031784759,-0.964073700606087
"507",0.0668586359606873,-1.16766294714307
"1484",-1.81114566058064,-1.50461786834954
"1535",-2.0848138322141,0.49205809266404
"48",2.12880194228837,-0.971155169671567
"1055",3.23641484952987,-0.93142092415872
"1183",-0.206809535672771,0.82901301387051
"461",1.9471032755481,0.955297219474522
"2168",1.11315853994006,-1.0811129870519
"2274",0.86902669841462,-0.000847506033041562
"241",-0.0557673705635551,-1.07403151798642
"1748",-2.41979500710968,2.53554976825594
"854",-0.145496532410649,0.782197299292186
"1667",0.626015028412222,1.97242059769137
"397",2.89919333158821,-0.673934493977942
"100",-0.0853037006715723,-0.157621037991697
"1938",-2.3596021753706,1.59573143097206
"897",3.11490901452868,0.055213127703478
"990",-2.602613845373,3.56899953469647
"558",-2.05527750210608,-0.424352387330679
"92",1.91532660239399,0.0857024540581267
"1508",0.0362021343296265,-1.1442550898539
"394",-2.08593400373714,-0.400944530041519
"699",1.54968892586735,2.15260198693919
"811",0.839490368306604,0.91556297396168
"301",1.73250776413067,1.11915222049866
"2167",-2.1165905053682,-0.377536672752358
"401",-1.93377166710488,-1.41098643919289
"1093",-1.03963409975776,-0.31439456995035
"1903",-1.07029060138883,-0.29098671266119
"446",-0.268122538934891,0.875828728448834
"178",-2.20743983873834,0.585689521820689
"1682",-2.20743983873834,0.585689521820689
"2362",-0.855695089971403,-0.454841713685325
"868",-1.90311516547382,-1.43439429648205
"716",-2.20743983873834,0.585689521820689
"1967",0.808833866675543,0.93897083125084
"299",1.88467010076293,0.109110311347288
"1800",2.00617593576413,-0.877523740514917
"982",3.11378884300563,-0.837789495002073
"1999",-1.28376594128321,0.765870911068503
"375",0.808833866675543,0.93897083125084
"1195",-1.93377166710488,-1.41098643919289
"572",0.930339701676741,-0.0476632206113666
"858",-1.68006011944091,2.85617830123873
"820",-2.54130084211088,3.52218382011815
"1187",-0.979441268018687,-1.25421290723424
"57",-2.05527750210608,-0.42435238733068
"578",-1.87245866384276,-1.45780215377121
"1251",-1.43480810639242,2.66891544292543
"655",3.23641484952987,-0.93142092415872
"911",1.79382076739279,1.07233650592033
"1620",-1.90311516547382,-1.43439429648205
"1276",-2.14612683547621,0.538873807242362
"85",-0.268122538934891,0.875828728448834
"835",-1.995084670367,-1.36417072461456
"1841",1.70185126249961,1.14256007778782
"939",0.77817736504448,0.962378688540002
"1766",-2.17678333710728,0.562281664531527
"1206",2.96050633485032,-0.72075020855626
"2148",-1.03963409975776,-0.31439456995035
"674",-1.995084670367,-1.36417072461456
"577",1.88467010076293,0.109110311347288
"485",0.808833866675543,0.93897083125084
"186",3.11378884300563,-0.837789495002073
"2111",-1.81114566058064,-1.50461786834954
"1651",-0.389628373936092,1.86246278031104
"1554",-1.03963409975776,-0.314394569950351
"2088",-1.84068199068866,-0.588207388354815
"173",-1.13160360465094,-0.244170998082867
"2379",0.99053253341582,-0.987481557895249
"1565",0.595358526781162,1.99582845498053
"1638",-1.90311516547382,-1.43439429648205
"132",1.39528624618901,1.37663865067944
"160",2.99116283648138,-0.744158065845424
"2154",1.05184553667794,-1.03429727247357
"696",0.77817736504448,0.962378688540002
"1131",0.89968320004568,-0.024255363322204
"2082",0.930339701676741,-0.0476632206113666
"1745",-1.87245866384276,-1.45780215377122
"1029",0.0362021343296266,-1.1442550898539
"899",1.05184553667794,-1.03429727247357
"459",0.929219530153698,-0.940665843316926
"2299",2.09814544065732,-0.947747312382407
"1629",-2.45045150874074,2.5589576255451
"41",-2.3596021753706,1.59573143097206
"1192",1.88467010076293,0.109110311347288
"441",-2.05527750210608,-0.424352387330679
"2396",-0.0239906974094512,-0.204436752570021
"580",-1.04075427128081,-1.20739719265591
"2218",-0.17615303404171,0.805605156581349
"1679",-1.46434443650044,3.58532592292015
"994",0.930339701676741,-0.0476632206113666
"2087",-0.177273205564754,-0.0873974661242104
"894",-0.0853037006715722,-0.157621037991697
"815",1.70297143402266,2.03556270049338
"807",-1.87245866384276,-1.45780215377122
"451",2.00617593576413,-0.877523740514917
"1194",-0.0546471990405117,-0.181028895280859
"1634",-1.74983265731852,-1.55143358292786
"2055",-2.08593400373714,-0.400944530041521
"2133",2.0686091105493,-0.0313368323876842
"1258",-1.87245866384276,-1.45780215377122
"104",3.14444534463669,-0.861197352291239
"1654",-2.02462100047501,-0.447760244619844
"206",-1.93377166710488,-1.41098643919289
"1971",-2.08593400373714,-0.400944530041521
"942",0.0668586359606869,-1.16766294714307
"1789",-1.13160360465094,-0.244170998082868
"2216",0.77817736504448,0.962378688540003
"226",0.870146869937664,0.892155116672519
"200",-2.38913850547861,2.51214191096677
"232",-1.87245866384276,-1.45780215377122
"803",-1.01009776964975,-1.23080504994507
"192",0.839490368306604,0.915562973961681
"2215",2.1901149455505,-1.01797088424989
"557",-1.03963409975776,-0.314394569950351
"11",-1.10094710301988,-0.267578855372028
"1708",-2.17566316558423,1.45528428723708
"981",0.77817736504448,0.962378688540003
"289",-0.0853037006715722,-0.157621037991697
"1639",-1.8418021622117,-1.48121001106038
"793",-1.90311516547382,-1.43439429648205
"2061",1.02118903504688,-1.01088941518441
"2250",1.02118903504688,-1.01088941518441
"602",-0.14549653241065,0.782197299292186
"1125",3.23641484952987,-0.931420924158719
"734",-0.268122538934891,0.875828728448834
"2253",-1.90199499395078,-0.541391673776495
"157",2.00729610728718,0.0154788821906381
"1141",-2.14724700699926,-0.354128815463193
"1014",0.89968320004568,-0.0242553633222039
"1179",-0.389628373936091,1.86246278031104
"406",3.20575834789881,-0.908013066869562
"1521",0.960996203307802,-0.0710710779005284
"1424",0.777057193521439,0.0693760658344443
"2207",-1.78048915894958,-1.5280257256387
"516",-0.0239906974094512,-0.204436752570021
"1157",1.58034542749841,2.12919412965003
"1770",1.79270059586975,0.179333883214774
"1710",0.959876031784758,-0.964073700606087
"1472",-1.93377166710488,-1.41098643919289
"3",0.959876031784759,-0.964073700606087
"1618",1.97663960565612,0.0388867394797986
"1716",0.839490368306604,0.915562973961681
"2049",0.960996203307802,-0.0710710779005284
"1994",-1.68851965405639,-1.59824929750619
"2306",0.929219530153698,-0.940665843316926
"1447",-1.19179643639002,0.695647339201016
"64",-1.0089775981267,-0.337802427239515
"1602",2.96050633485032,-0.720750208556259
"1574",2.86965700148018,0.242475986016786
"1992",-0.0853037006715722,-0.157621037991697
"779",0.77817736504448,0.962378688540003
"1839",0.77817736504448,0.962378688540003
"4",2.12880194228837,-0.971155169671565
"218",0.991652704938863,-0.0944789351896904
"2388",3.23641484952987,-0.93142092415872
"484",1.082502038309,-1.05770512976274
"454",-1.87245866384276,-1.45780215377122
"1604",0.746400691890379,0.0927839231236058
"857",-1.96442816873594,-1.38757858190372
"2026",2.83900049984913,0.265883843305942
"1356",-1.96442816873594,-1.38757858190372
"1952",-0.918128264756565,-1.30102862181256
"1077",-1.49612110965454,2.71573115750375
"1290",-2.0848138322141,0.492058092664041
"138",-0.268122538934891,0.875828728448834
"2098",0.747520863413421,0.985786545829165
"827",0.808833866675543,0.93897083125084
"101",-1.87245866384276,-1.45780215377122
"1858",-2.08593400373714,-0.400944530041521
"1153",-1.22245293802108,0.719055196490179
"1585",2.56757267126175,4.04856504973065
"1189",0.595358526781161,1.99582845498053
"1406",-0.237466037303831,0.852420871159671
"1949",1.79382076739279,1.07233650592033
"660",-1.99396449884395,-0.471168101909006
"209",0.959876031784758,-0.964073700606087
"1719",-2.17678333710728,0.562281664531526
"509",1.4293032623892,4.03223866150695
"438",1.94486293250201,-0.830708025936594
"584",-1.16226010628201,-0.220763140793703
"312",1.91532660239399,0.085702454058128
"2332",-0.887471763125506,-1.32443647910172
"235",2.00729610728718,0.0154788821906383
"652",-1.03963409975776,-0.314394569950351
"1912",-1.99396449884395,-0.471168101909006
"1669",-2.38913850547861,2.51214191096677
"692",-1.04075427128081,-1.20739719265591
"2197",0.657791701566327,2.84201536310777
"54",-1.03963409975776,-0.314394569950351
"1060",0.809954038198586,1.8319734539564
"335",-2.11659050536819,-0.377536672752358
"410",3.02181933811245,-0.767565923134588
"1166",-2.05527750210608,-0.424352387330679
"2241",1.79382076739279,1.07233650592033
"2340",-1.22245293802108,0.719055196490179
"573",-2.11659050536819,-0.377536672752358
"708",1.94598310402505,0.0622945967689647
"152",0.869026698414619,-0.000847506033041404
"515",1.11315853994006,-1.0811129870519
"1593",-1.19179643639002,0.695647339201016
"653",0.0975151375917483,-1.19107080443223
"465",-2.26651249895437,2.41851048181013
"1205",0.0975151375917483,-1.19107080443223
"1922",-2.51176451200286,2.60577334012343
"1869",-1.74983265731852,-1.55143358292786
"2323",1.97551943413307,-0.854115883225757
"962",2.03795260891824,-0.00792897509852365
"1334",1.79270059586975,0.179333883214775
"846",1.48949609412828,3.09242032422307
"1232",1.79270059586975,0.179333883214775
"667",2.03683243739519,-0.900931597804077
"2182",0.960996203307802,-0.0710710779005287
"499",-0.268122538934891,0.875828728448834
"1688",-1.90311516547382,-1.43439429648205
"1675",-2.05527750210608,-0.424352387330679
"1165",1.14493521309417,-0.211518221635498
"2155",3.11378884300563,-0.837789495002075
"2010",-0.115960202302633,-0.134213180702535
"1514",-0.887471763125506,-1.32443647910172
"1678",-1.90311516547382,-1.43439429648205
"1231",-1.90311516547382,-1.43439429648205
"1278",-1.90311516547382,-1.43439429648205
"9",0.0668586359606865,-1.16766294714306
"802",-0.206809535672771,0.82901301387051
"780",1.88467010076293,0.109110311347289
"1116",3.23641484952987,-0.931420924158721
"849",2.15945844391944,-0.99456302696073
"2106",-2.0848138322141,0.492058092664041
"2367",3.23641484952987,-0.931420924158721
"1644",-2.02462100047502,-0.447760244619845
"1208",-0.0546471990405117,-0.181028895280859
"195",1.82335709750081,0.155926025925613
"1207",-2.26763267047741,1.52550785910457
"1012",-1.13160360465094,-0.244170998082868
"1175",0.77817736504448,0.962378688540004
"191",-2.11659050536819,-0.377536672752358
"822",1.17447154320218,-1.12792870163022
"80",0.930339701676742,-0.0476632206113671
"1252",-1.03963409975776,-0.314394569950352
"296",-2.1483671785223,-1.24713143816875
"1534",-2.02462100047502,-0.447760244619845
"2251",-0.053527027517468,0.711973727424701
"1272",0.747520863413422,0.985786545829165
"372",-2.14724700699926,-0.354128815463192
"1107",-0.206809535672771,0.82901301387051
"1797",-2.2063196672153,1.47869214452625
"264",2.00729610728718,0.0154788821906391
"1154",-0.206809535672771,0.82901301387051
"785",1.02118903504688,-1.01088941518441
"1142",-1.18955609334394,2.48165258461213
"1305",-2.0848138322141,0.492058092664041
"1560",1.70185126249961,1.14256007778782
"2309",-1.07029060138882,-0.29098671266119
"669",-2.02574117199806,-1.34076286732541
"2283",0.99053253341582,-0.987481557895249
"489",-0.358971872305032,1.83905492302188
"1384",2.86965700148018,0.242475986016784
"1713",-1.99396449884395,-0.471168101909007
"637",3.08313234137457,-0.814381637712911
"590",0.0975151375917484,-1.19107080443223
"278",0.991652704938863,-0.0944789351896904
"165",-1.96442816873594,-1.38757858190373
"10",-2.26875284200046,0.632505236399016
"457",-2.60261384537299,3.56899953469647
"520",-2.05415733058303,0.468650235374876
"1924",-2.26875284200046,0.632505236399017
"818",1.82335709750081,0.155926025925613
"238",-2.08369366069105,1.3850607153696
"618",-2.11659050536819,-0.377536672752359
"1926",-2.05639767362912,-1.31735501003624
"403",2.00729610728718,0.0154788821906391
"1806",-0.856815261494446,-1.34784433639089
"2085",2.06748893902625,-0.924339455093243
"1810",-1.13160360465094,-0.244170998082868
"1859",0.595358526781162,1.99582845498053
"466",-1.13160360465094,-0.244170998082868
"760",-0.948784766387627,-1.2776207645234
"1228",-1.10094710301988,-0.267578855372028
"1362",-2.66392684863511,3.61581524927479
"1995",0.0668586359606861,-1.16766294714306
"490",-2.17566316558423,1.45528428723708
"700",0.0668586359606862,-1.16766294714306
"717",2.74815116647898,1.22911003787899
"544",3.23641484952987,-0.931420924158721
"1255",-1.93377166710488,-1.41098643919289
"1303",-2.26875284200046,0.632505236399017
"2355",2.00729610728718,0.0154788821906389
"1215",-1.87245866384276,-1.45780215377122
"1831",-2.23809634036939,0.609097379109847
"915",2.99116283648138,-0.744158065845424
"352",0.962116374830845,0.82193154480503
"1768",-1.9633079972129,-0.494575959198169
"20",-0.0239906974094511,-0.204436752570021
"1986",-2.08593400373714,-0.40094453004152
"464",-2.20856001026138,-0.307313100884877
"838",-1.03963409975776,-0.314394569950352
"569",3.17510184626774,-0.884605209580397
"102",3.17510184626774,-0.884605209580397
"1707",1.97551943413308,-0.854115883225758
"2289",2.03683243739519,-0.900931597804077
"816",0.62489485688918,1.07941797498582
"1443",0.128171639222809,-1.21447866172139
"1547",-1.87245866384276,-1.45780215377122
"657",0.00666580422160932,-0.227844609859183
"2024",-0.948784766387627,-1.2776207645234
"1032",1.97663960565612,0.0388867394797982
"424",-1.93377166710488,-1.41098643919289
"1321",2.03795260891823,-0.00792897509852375
"1203",0.899683200045681,-0.0242553633222037
"2293",2.15945844391944,-0.994563026960729
"162",-0.14549653241065,0.782197299292186
"1519",0.655551358520239,1.05601011769665
"345",1.8255974405469,1.94193127133673
"94",0.747520863413422,0.985786545829164
"1054",-2.0848138322141,0.492058092664042
"1073",-1.01009776964975,-1.23080504994507
"888",3.23641484952987,-0.931420924158721
"96",2.06748893902625,-0.924339455093243
"1174",2.99116283648138,-0.744158065845424
"1430",-0.978321096495642,-0.361210284528676
"1887",2.99116283648138,-0.744158065845424
"144",2.00729610728718,0.0154788821906391
"1900",-1.13160360465094,-0.244170998082869
"1877",0.128171639222809,-1.21447866172139
"1413",1.85401359913187,0.132518168636452
"622",1.17447154320218,-1.12792870163022
"251",-0.0853037006715722,-0.157621037991697
"966",-1.07141077291187,-1.18398933536675
"1445",-0.420284875567149,1.8858706376002
"91",1.76316426576173,1.0957443632095
"1738",0.716864361782361,1.00919440311833
"293",0.930339701676742,-0.0476632206113673
"904",3.11378884300563,-0.837789495002076
"1257",-2.0848138322141,0.492058092664041
"1136",-1.49612110965454,2.71573115750375
"1612",0.869026698414619,-0.000847506033041117
"291",-2.17790350863032,-0.330720958174033
"2314",3.23641484952987,-0.931420924158721
"715",-0.978321096495642,-0.361210284528676
"1989",-2.08593400373714,-0.400944530041521
"998",0.77817736504448,0.962378688540004
"974",1.94598310402505,0.0622945967689638
"970",1.05184553667794,-1.03429727247357
"1963",-0.0853037006715722,-0.157621037991697
"2110",-2.08593400373714,-0.400944530041521
"1600",-1.9633079972129,-0.494575959198168
"242",3.14444534463669,-0.861197352291239
"615",-2.02462100047502,-0.447760244619844
"1817",-1.55743411291666,2.76254687208208
"2142",-2.11659050536819,-0.377536672752359
"1823",-1.52565743976256,3.63214163749848
"1085",1.94598310402505,0.0622945967689638
"1966",-0.0239906974094511,-0.204436752570021
"1155",2.06748893902625,-0.924339455093244
"73",-1.28376594128321,0.765870911068503
"798",2.83900049984913,0.265883843305942
"639",0.00666580422160936,-0.227844609859183
"595",0.839490368306604,0.915562973961681
"663",0.0668586359606859,-1.16766294714306
"723",1.20512804483324,-1.15133655891938
"297",3.23641484952987,-0.931420924158721
"732",-0.979441268018686,-1.25421290723424
"2177",-2.08593400373714,-0.400944530041521
"1284",2.09814544065732,-0.947747312382409
"2169",-1.87245866384276,-1.45780215377122
"886",1.73250776413067,1.11915222049866
"705",2.09926561218036,-0.0547446896768471
"288",1.94598310402505,0.0622945967689638
"598",2.15945844391944,-0.99456302696073
"1186",0.808833866675543,0.938970831250839
"1503",-1.93377166710488,-1.41098643919289
"184",0.838370196783559,0.0225603512561212
"666",0.128171639222809,-1.21447866172139
"1139",-1.995084670367,-1.36417072461457
"38",-0.115960202302633,-0.134213180702535
"1723",0.838370196783559,0.0225603512561211
"131",2.12880194228837,-0.971155169671566
"929",1.97551943413307,-0.854115883225757
"1133",0.808833866675543,0.938970831250839
"1050",2.15945844391944,-0.994563026960729
"2384",2.00729610728718,0.0154788821906385
"1480",1.97663960565612,0.0388867394797977
"1961",1.79382076739279,1.07233650592033
"259",-1.07029060138882,-0.29098671266119
"742",-0.268122538934891,0.875828728448835
"677",1.76316426576173,1.0957443632095
"612",2.03683243739519,-0.900931597804078
"2369",-1.07029060138882,-0.29098671266119
"1624",-1.995084670367,-1.36417072461457
"633",2.92984983321927,-0.697342351267108
"701",-1.8418021622117,-1.48121001106037
"1468",-2.26875284200046,0.632505236399018
"473",-0.206809535672771,0.829013013870511
"1423",2.03683243739519,-0.900931597804078
"524",-1.90311516547382,-1.43439429648206
"1271",-2.08705417526018,-1.29394715274708
"2288",0.99053253341582,-0.987481557895249
"1937",-2.05527750210608,-0.424352387330679
"588",0.6862078601513,1.03260226040749
"246",2.96050633485032,-0.72075020855626
"945",1.97663960565612,0.038886739479798
"586",2.00729610728718,0.0154788821906381
"839",-2.2698730135235,-0.260497386306549
"1351",-2.05527750210608,-0.424352387330679
"1885",1.02118903504688,-1.01088941518441
"1102",-0.979441268018686,-1.25421290723424
"856",-1.22245293802108,0.719055196490179
"1641",-2.3596021753706,1.59573143097206
"190",0.0362021343296272,-1.1442550898539
"1446",1.05184553667794,-1.03429727247357
"1982",1.91532660239399,0.0857024540581286
"1466",-2.05527750210608,-0.424352387330679
"659",0.869026698414619,-0.000847506033040734
"744",-0.795502258232323,-1.39466005096921
"197",2.00729610728718,0.015478882190638
"208",0.0975151375917481,-1.19107080443223
"1872",0.564702025150102,2.0192363122697
"2149",-2.0848138322141,0.492058092664042
"228",2.74815116647898,1.22911003787899
"386",-1.31218209986818,2.57528401376878
"2371",3.14444534463669,-0.861197352291239
"181",-2.2380963403694,0.609097379109849
"2269",1.67119476086855,1.16596793507698
"2004",0.0362021343296272,-1.1442550898539
"2071",-0.115960202302633,-0.134213180702535
"155",1.85401359913187,0.132518168636452
"357",1.88354992923989,-0.783892311358266
"2320",-2.20743983873834,0.585689521820688
"1596",0.808833866675543,0.938970831250839
"1104",1.73250776413068,1.11915222049866
"2104",0.900803371568722,0.868747259383353
"943",2.00729610728718,0.0154788821906376
"1570",-2.63327034700406,3.59240739198564
"2258",1.97663960565612,0.038886739479798
"2043",-1.90311516547382,-1.43439429648206
"658",-1.93377166710488,-1.41098643919289
"412",1.76204409423869,0.20274174050394
"1721",-2.45045150874074,2.5589576255451
"356",2.00617593576413,-0.877523740514919
"1647",-2.2380963403694,0.609097379109849
"1442",-0.826158759863382,-1.37125219368005
"1659",-1.71917615568745,-1.57484144021702
"1222",-2.26875284200047,0.632505236399019
"1711",2.80946416974111,1.18229432330066
"1968",-0.115960202302633,-0.134213180702535
"109",-2.17678333710728,0.562281664531526
"526",-0.0841835291485294,0.735381584713862
"2236",1.97663960565612,0.038886739479798
"1199",2.99116283648138,-0.744158065845423
"1035",0.6862078601513,1.03260226040749
"1586",-1.84180216221169,-1.48121001106037
"912",-1.87245866384276,-1.45780215377122
"123",1.97663960565612,0.038886739479798
"55",2.03683243739519,-0.900931597804078
"283",-1.81114566058064,-1.50461786834954
"766",0.929219530153698,-0.940665843316925
"127",-1.78048915894958,-1.5280257256387
"1930",-2.02574117199806,-1.34076286732541
"1279",-1.22245293802108,0.71905519649018
"1955",-1.8418021622117,-1.48121001106037
"409",1.88467010076294,0.109110311347288
"1676",-1.22245293802108,0.71905519649018
"2073",3.02181933811245,-0.767565923134591
"2102",-1.25310943965215,0.742463053779343
"1210",-1.87245866384276,-1.45780215377122
"185",0.626015028412223,1.97242059769137
"1493",2.90031350311125,0.219068128727619
"2365",3.23641484952987,-0.93142092415872
"70",0.89856302852264,-0.917257986027764
"969",-1.995084670367,-1.36417072461457
"68",-2.32894567373953,1.57232357368289
"2050",-2.11659050536819,-0.37753667275236
"2373",0.991652704938864,-0.0944789351896898
"1374",-2.11547033384516,0.5154659499532
"1172",0.991652704938864,-0.0944789351896898
"1566",-2.0848138322141,0.492058092664042
"1979",2.92984983321927,-0.697342351267109
"477",-2.02462100047502,-0.447760244619845
"964",-2.26875284200047,0.632505236399019
"2261",3.23641484952987,-0.93142092415872
"49",2.92984983321928,-0.697342351267109
"1957",-1.84180216221169,-1.48121001106037
"1081",3.02293950963548,0.125436699570975
"1991",-1.81114566058064,-1.50461786834954
"825",2.00729610728718,0.0154788821906373
"1119",0.930339701676742,-0.047663220611368
"946",0.778177365044479,0.962378688540004
"582",1.76316426576173,1.09574436320949
"391",2.92984983321928,-0.697342351267109
"1327",-2.2380963403694,0.609097379109849
"1315",-2.17678333710728,0.562281664531526
"1847",3.05247583974351,-0.79097378042375
"719",-0.269242710457935,-0.0171738942567246
"2156",1.82335709750081,0.155926025925613
"1160",-2.05527750210608,-0.424352387330679
"2174",2.99228300800443,0.148844556860138
"1875",1.20512804483324,-1.15133655891938
"2134",1.88579027228598,1.00211293405285
"2015",-2.3278255022165,2.46532619638846
"1452",0.808833866675543,0.938970831250839
"2316",0.930339701676742,-0.0476632206113681
"2052",-1.1304834331279,0.648831624622693
"1798",-0.856815261494446,-1.34784433639089
"168",2.00729610728718,0.0154788821906378
"1551",-2.11659050536819,-0.377536672752362
"2319",1.20512804483324,-1.15133655891938
"487",-1.25310943965215,0.742463053779343
"29",0.656671530043284,1.94901274040221
"2140",-1.87245866384276,-1.45780215377122
"2229",3.05359601126655,0.102028842281801
"2037",-2.39025867700166,1.61913928826122
"836",2.99228300800443,0.148844556860138
"2186",2.77880766811005,1.20570218058983
"597",0.0362021343296272,-1.1442550898539
"2393",1.91532660239399,0.0857024540581293
"2031",-1.93265149558183,-0.517983816487329
"1630",-2.17566316558423,1.45528428723708
"2372",0.747520863413422,0.985786545829164
"1489",-2.66392684863511,3.61581524927479
"995",0.778177365044479,0.962378688540004
"925",2.09814544065732,-0.947747312382408
"702",2.0686091105493,-0.0313368323876893
"2383",0.870146869937663,0.892155116672518
"460",2.99116283648138,-0.744158065845423
"136",-2.14724700699927,-0.354128815463193
"608",-1.995084670367,-1.36417072461457
"1652",-2.14612683547622,0.538873807242364
"983",0.89856302852264,-0.917257986027764
"2324",0.808833866675543,0.938970831250839
"878",-0.206809535672772,0.829013013870511
"664",1.88467010076294,0.109110311347288
"536",0.870146869937663,0.892155116672518
"877",-0.948784766387626,-1.27762076452339
"273",2.0686091105493,-0.0313368323876894
"1696",3.05247583974351,-0.79097378042375
"1100",3.23641484952987,-0.931420924158721
"571",-0.948784766387626,-1.27762076452339
"16",-2.05639767362912,-1.31735501003624
"1754",0.839490368306604,0.915562973961682
"2290",-1.995084670367,-1.36417072461457
"690",-0.0546471990405117,-0.181028895280859
"895",1.97551943413307,-0.854115883225756
"893",-1.10094710301988,-0.267578855372029
"748",-0.856815261494446,-1.34784433639089
"2235",0.808833866675543,0.938970831250839
"1735",-1.90311516547382,-1.43439429648206
"1475",-1.03963409975776,-0.314394569950352
"1111",-2.05527750210608,-0.424352387330679
"488",2.00729610728718,0.0154788821906376
"21",1.91532660239399,0.0857024540581292
"1516",-0.298779040565952,0.899236585737997
"1352",1.082502038309,-1.05770512976274
"1069",0.930339701676742,-0.0476632206113683
"2201",2.00729610728718,0.0154788821906376
"1086",1.82335709750081,0.155926025925612
"2165",-2.14612683547622,0.538873807242364
"279",0.962116374830846,0.821931544805031
"1372",-2.08593400373713,-0.400944530041522
"926",1.97663960565612,0.038886739479798
"1825",-1.93377166710488,-1.41098643919289
"255",0.717984533305405,1.90219702582389
"37",1.05184553667794,-1.03429727247357
"1337",-0.38962837393609,1.86246278031104
"551",2.92984983321928,-0.69734235126711
"2105",-1.84180216221169,-1.48121001106037
"1455",2.84012067137217,1.15888646601151
"1402",0.626015028412223,1.97242059769137
"1526",-2.11659050536819,-0.377536672752363
"1419",-1.96442816873594,-1.38757858190373
"1105",0.778177365044479,0.962378688540004
"1523",1.082502038309,-1.05770512976274
"1959",-0.206809535672772,0.829013013870511
"76",-1.93377166710488,-1.41098643919289
"307",-0.176153034041711,0.80560515658135
"66",3.23641484952987,-0.931420924158721
"398",-1.995084670367,-1.36417072461457
"1849",2.71749466484793,1.25251789516814
"2103",-1.995084670367,-1.36417072461457
"1819",-1.03963409975776,-0.314394569950352
"205",0.686207860151299,1.03260226040749
"1182",-2.02462100047502,-0.447760244619846
"497",-1.10094710301988,-0.267578855372029
"1896",0.778177365044478,0.962378688540004
"1479",-2.08593400373713,-0.400944530041521
"560",3.02293950963548,0.125436699570977
"2108",3.11378884300563,-0.837789495002073
"2339",2.99116283648138,-0.744158065845422
"1380",0.99053253341582,-0.987481557895249
"69",0.779297536567525,1.85538131124556
"790",-1.10094710301988,-0.267578855372029
"79",0.778177365044478,0.962378688540004
"1747",1.82335709750081,0.155926025925612
"1018",-1.81114566058064,-1.50461786834954
"1456",1.91532660239399,0.0857024540581292
"63",2.03795260891824,-0.00792897509852485
"896",0.838370196783559,0.0225603512561209
"2276",-1.81114566058064,-1.50461786834954
"1680",1.02230920656992,-0.117886792478853
"675",3.23641484952987,-0.931420924158721
"587",2.09814544065732,-0.947747312382408
"1702",-2.17678333710728,0.562281664531526
"1649",-0.114840030779591,0.758789442003025
"395",1.11315853994006,-1.0811129870519
"1950",-2.11547033384516,0.515465949953202
"327",2.12880194228837,-0.971155169671565
"1844",-1.90311516547382,-1.43439429648206
"171",2.03795260891824,-0.00792897509852511
"2249",-1.84180216221169,-1.48121001106037
"528",1.17447154320219,-1.12792870163022
"1044",-2.14724700699927,-0.354128815463196
"1958",-1.87245866384276,-1.45780215377122
"1101",1.1142787114631,-0.188110364346339
"1311",3.08313234137458,-0.814381637712912
"1628",-1.84180216221169,-1.48121001106037
"1990",-1.6885196540564,-1.59824929750619
"749",3.08313234137458,-0.814381637712911
"759",3.05359601126655,0.1020288422818
"50",2.83900049984913,0.265883843305939
"158",-1.74983265731852,-1.55143358292786
"2394",0.931459873199786,0.845339402094193
"693",2.03795260891824,-0.00792897509852521
"90",-1.93377166710488,-1.41098643919289
"917",-2.14612683547622,0.538873807242365
"774",-2.20968018178442,-1.20031572359043
"2327",-0.206809535672772,0.829013013870511
"1556",-1.78048915894958,-1.5280257256387
"1880",-2.02574117199806,-1.34076286732541
"1084",-0.297658869042906,1.79223920844355
"1873",1.85401359913187,0.132518168636452
"392",-1.93377166710488,-1.41098643919289
"2217",-2.54130084211088,3.52218382011815
"865",0.778177365044478,0.962378688540004
"1331",-2.45045150874074,2.5589576255451
"695",2.09814544065732,-0.947747312382409
"1302",-2.17678333710728,0.562281664531525
"1465",-1.22133276649804,1.61205781919574
"113",0.778177365044478,0.962378688540004
"227",1.57922525597537,1.23619150694447
"1902",-1.0089775981267,-0.337802427239516
"1878",-2.05527750210608,-0.424352387330679
"2059",-1.22245293802109,0.71905519649018
"576",-0.978321096495642,-0.361210284528677
"97",-1.4052717762844,1.75250496293071
"1820",0.778177365044478,0.962378688540004
"2220",-1.03963409975776,-0.314394569950352
"1709",-1.87245866384276,-1.45780215377122
"387",1.82447726902386,1.04892864863118
"1591",1.97663960565612,0.0388867394797976
"471",-2.02574117199806,-1.34076286732541
"1695",-0.23746603730383,0.852420871159673
"343",0.778177365044478,0.962378688540004
"199",2.9309700047423,0.195660271438458
"914",-0.887471763125507,-1.32443647910172
"325",-0.328315370673968,1.81564706573272
"1473",-2.05527750210608,-0.424352387330679
"2311",1.20512804483324,-1.15133655891938
"166",0.960996203307802,-0.0710710779005296
"805",-1.96442816873594,-1.38757858190373
"1152",1.05184553667794,-1.03429727247357
"1024",-2.20743983873834,0.585689521820686
"462",3.11378884300563,-0.837789495002075
"855",0.0373223058526699,-0.251252467148346
"808",1.94486293250202,-0.830708025936599
"709",-2.14724700699927,-0.354128815463196
"1273",-2.0848138322141,0.492058092664041
"1956",-1.995084670367,-1.36417072461457
"1401",-1.2519892681291,1.6354656764849
"336",2.00617593576413,-0.877523740514918
"686",1.91532660239399,0.0857024540581302
"585",2.15945844391944,-0.994563026960731
"1813",-0.0853037006715721,-0.157621037991697
"1796",0.929219530153698,-0.940665843316924
"1692",-1.0089775981267,-0.337802427239516
"2131",0.959876031784758,-0.964073700606087
"19",1.79270059586975,0.179333883214775
"482",0.0362021343296275,-1.1442550898539
"346",0.0362021343296275,-1.1442550898539
"445",2.03795260891824,-0.00792897509852621
"449",0.899683200045681,-0.0242553633222049
"1889",-2.57195734374193,3.5455916774073
"2163",1.97551943413307,-0.854115883225757
"189",-0.0557673705635558,-1.07403151798642
"594",2.96050633485031,-0.720750208556257
"1718",-2.20743983873834,0.585689521820686
"2054",0.86902669841462,-0.000847506033040309
"204",2.00729610728718,0.0154788821906388
"2291",0.716864361782361,1.00919440311833
"2381",-1.84180216221169,-1.48121001106037
"1964",-0.236345865780788,1.74542349386523
"1328",-2.08593400373713,-0.400944530041522
"1297",0.00554563269856678,-1.12084723256474
"1573",-2.20743983873834,0.585689521820686
"954",0.959876031784758,-0.964073700606086
"366",-0.206809535672772,0.829013013870511
"1425",0.778177365044478,0.962378688540004
"2219",2.03795260891824,-0.00792897509852592
"1928",2.80946416974111,1.18229432330066
"665",1.17447154320219,-1.12792870163022
"376",-0.176153034041711,0.80560515658135
"1812",-1.93265149558183,-0.517983816487329
"1743",1.49061626565132,3.98542294692862
"1259",-1.93265149558183,-0.517983816487329
"2033",-1.9633079972129,-0.494575959198169
"831",0.778177365044478,0.962378688540004
"1432",0.535165695042087,2.93564679226442
"621",-2.02462100047502,-0.447760244619844
"1805",-1.96442816873594,-1.38757858190373
"1622",-0.206809535672772,0.829013013870511
"1845",-0.115960202302633,-0.134213180702535
"2272",3.23641484952987,-0.931420924158718
"2192",2.0368324373952,-0.900931597804082
"638",1.082502038309,-1.05770512976274
"901",2.80834399821806,0.289291700595114
"112",0.929219530153699,-0.940665843316924
"1002",-2.11659050536819,-0.377536672752364
"2003",2.99116283648138,-0.744158065845423
"1416",2.96050633485031,-0.720750208556257
"2112",-1.90311516547382,-1.43439429648205
"1590",0.596478698304206,2.8888310776861
"2234",1.76316426576173,1.09574436320949
"1739",-2.02574117199806,-1.34076286732541
"67",-2.05527750210608,-0.424352387330679
"188",2.03795260891824,-0.00792897509852608
"183",-1.995084670367,-1.36417072461457
"32",1.94486293250202,-0.8307080259366
"202",2.06748893902626,-0.924339455093245
"1348",1.76316426576173,1.09574436320949
"755",-0.023990697409451,-0.204436752570021
"447",3.23641484952987,-0.931420924158717
"1753",0.960996203307802,-0.0710710779005297
"1382",-2.17678333710728,0.562281664531525
"1434",-1.74983265731851,-1.55143358292786
"253",2.1901149455505,-1.0179708842499
"225",1.97551943413307,-0.854115883225757
"2072",-0.206809535672772,0.829013013870511
"609",2.99116283648138,-0.744158065845422
"174",0.778177365044478,0.962378688540004
"643",-0.826158759863383,-1.37125219368005
"1244",0.00666580422160949,-0.227844609859183
"2028",0.00554563269856685,-1.12084723256474
"863",-0.23746603730383,0.852420871159674
"1082",2.00617593576413,-0.877523740514916
"1243",0.960996203307802,-0.0710710779005297
"338",-1.99396449884395,-0.47116810190901
"1491",0.899683200045681,-0.0242553633222047
"1254",-2.26763267047742,1.52550785910457
"1947",0.716864361782361,1.00919440311833
"1821",0.686207860151299,1.03260226040749
"1388",-1.22245293802109,0.71905519649018
"46",1.67119476086855,1.16596793507698
"1204",-2.3913788485247,0.726136665555654
"1607",0.99053253341582,-0.98748155789525
"1733",-0.979441268018686,-1.25421290723424
"203",2.09814544065732,-0.947747312382409
"1444",0.870146869937662,0.892155116672517
"1124",0.930339701676743,-0.0476632206113687
"1852",2.71861483637097,2.14552051787371
"651",1.73250776413068,1.11915222049866
"1108",-2.02462100047502,-0.447760244619843
"881",0.960996203307802,-0.0710710779005295
"1042",1.97551943413308,-0.854115883225757
"1358",0.747520863413422,0.985786545829165
"1759",-1.13160360465094,-0.244170998082872
"2058",-1.10094710301988,-0.267578855372028
"1836",1.85513377065492,1.02552079134201
"635",-2.14724700699927,-0.354128815463199
"559",0.0975151375917483,-1.19107080443223
"300",-2.20743983873834,0.585689521820687
"2390",-1.25310943965215,0.742463053779344
"1098",1.79158042434671,-0.713668739490783
"148",1.70185126249961,1.14256007778782
"1409",-2.02574117199806,-1.34076286732542
"1022",-1.06917042986578,0.60201591004437
"120",-1.995084670367,-1.36417072461457
"971",-2.23809634036939,0.609097379109849
"1653",-1.96442816873594,-1.38757858190373
"415",-1.16113993475896,0.672239481911856
"685",-1.78048915894958,-1.5280257256387
"1420",-2.11659050536819,-0.377536672752364
"469",2.74815116647898,1.22911003787898
"661",-1.90311516547383,-1.43439429648205
"71",0.747520863413422,0.985786545829164
"81",0.0362021343296277,-1.1442550898539
"1855",0.990532533415821,-0.98748155789525
"1226",1.79270059586975,0.179333883214775
"1594",-0.0251108689324955,-1.09743937527558
"1977",3.05247583974351,-0.79097378042375
"1582",1.05184553667794,-1.03429727247357
"1983",-1.93377166710488,-1.41098643919289
"1496",1.88467010076294,0.109110311347288
"1621",-1.87245866384276,-1.45780215377122
"2032",-0.887471763125508,-1.32443647910173
"1013",3.23641484952987,-0.931420924158718
"967",-1.03963409975776,-0.314394569950352
"681",-2.05527750210608,-0.424352387330679
"161",0.00554563269856693,-1.12084723256474
"1234",-0.948784766387626,-1.27762076452339
"1645",2.74703099495594,0.336107415173435
"1737",1.70073109097657,0.249557455082258
"1440",0.444316361671948,3.89887298683746
"14",-2.23809634036939,0.609097379109849
"673",1.05296570820098,-0.141294649768017
